rank,name,solved,recent
1=,uwi,600+,11
1=,utomaya,600+,11
1=,inamori,600+,11
1=,Min_25,600+,11
5,haruya,544,2
6,ax8529221,504,7
7,triceps,486,1138
8,xsd,483,66
9,jun0,473,1319
10,chaemon,439,690
11,rokusuke,422,2
12,ariom44,419,15
13,jujaji,412,469
14,rng_58,404,1768
15,maikaze,399,9
16,hidesugar,392,11
17,__math,391,467
18,maspuyo,384,404
19,Takai,383,2157
20,tsuchiya.yoshihiro,383,404
21,touma,382,6
22,niino,378,1615
23,kozima,378,206
24,manman,367,133
25,Kawazoe,360,1852
26,jeneshicc,357,1155
27,sarasouju,344,356
28,hakase,333,2228
29,herumi,328,1668
30,lycaste,323,2
31,natsugiri,319,256
32,mame,318,2492
33,(garnacha),316,39
34,tokoharu,310,459
35,SANSEN,304,49
36,(Lenqth),303,125
37,(TatsuDX),303,5
38,kyusuke,299,1806
39,naoya_t,299,850
40,pp6pk,296,107
41,imgry22,295,1
42,stqn,288,1152
43,koji_t,283,864
44,kaoru,281,2838
45,nu4nu,281,260
46,ko12345,280,1042
47,yasuyuki_abe,275,122
48,sO3SrLCr4Rqb00Zr4nIYCVBPZ_oFimST,271,142
49,tak,270,1687
50,cddddr,269,1401
51,steelydon,265,1940
52,airobo,264,2076
53,Mi_Sawa,264,1090
54,walkover,261,415
55,my316g,261,155
56,Rio,259,3032
57,aitdccd,258,29
58,ecottea,257,972
59,rst76,252,3247
60,tbsk,250,2649
61,T_GYOUTEN,247,2333
62,ush,247,1253
63,homuler,245,1404
64,tomerun,245,572
65,yamaguch,245,19
66,sinapusu2002,236,937
67,yambi,235,2591
68,ebiel,228,837
69,funnything,225,1216
70,minke,223,3483
71,kinaba,223,3473
72,ocean-city,223,2587
73,takamura,223,52
74,oxy,222,2556
75,(NORI_2),222,546
76,m-riho,221,594
77,Chates0705,221,551
78,konoyono_subetega_nikui,220,922
79,LayCurse,220,438
80,OKUDA_Yoshifumi,218,67
81,fksw,218,22
82,kunkun,217,2733
83,isomura,217,325
84,akihiro4chawon,215,2423
85,reirei_As,212,141
86,ryomiya,211,52
87,miyano,209,316
88,chromia,205,26
89,square1001,204,25
90,Naoki_M,202,681
91,tk2,200,878
92,fummy64,199,2421
93,simorin,198,103
94,shaoling,193,1992
95,hirose,192,39
96,nagihito,191,1289
97,nomeaning,191,983
98,kerike,191,623
99,y2q_actionman,190,2457
100,halwhite,190,2439
101,hariharsha,188,7
102,taku0344028,186,1987
103,asaq,186,1764
104,JeromeLefebvre,184,1012
105,J_A,183,2821
106,nekosenyo,183,462
107,from-nuis,183,159
108,shinichi,181,1165
109,ludimma,180,664
110,yumichi,179,1762
111,ogiekako,179,1286
112,tsb,178,2347
113,KenjiH,178,1170
114,kentaro.wakai,178,39
115,cojna,177,1884
116,tar0t,177,383
117,syasuda,177,126
118,akira.08280,176,1069
119,(takayuki.ohata),176,594
120,kobayashikorio,175,589
121,askaky,173,1497
122,carpenter_bee,172,377
123,letter,170,3662
124,faryad,169,844
125,gomis,169,56
126,Masaki,168,1158
127,Ark__,168,226
128,Kurayu,167,1123
129,sakky711,167,375
130,kik,166,2903
131,yamato,166,1389
132,kikai,166,1203
133,isizakit,165,3296
134,reipan,165,2069
135,moon_watcher,165,575
136,peria,165,498
137,Pachicobue,165,97
138,nobu_k,163,3660
139,uti2013,163,1922
140,suj2to,163,296
141,Okamitsu,162,172
142,yudedako,162,15
143,kurikuri999,160,255
144,2ndmk2,158,1650
145,trinitrotoluene,157,1417
146,takonoashi,157,727
147,deltacat,157,20
148,foota,156,2960
149,(utmath),156,2082
150,mei_narou,156,289
151,altnelico1,156,27
152,yatt,155,1990
153,taiji,155,1968
154,peanutsjamjam,154,1879
155,zawisha,154,54
156,nogz,153,2641
157,pprk,153,2533
158,shimizu1950,153,2499
159,hidetakak2,153,70
160,makkin-2,152,578
161,todo,152,55
162,katsu33,151,1993
163,arkhe,151,496
164,noriok,151,25
165,shuyo,150,2790
166,takayuki,150,2744
167,hm00061,150,2686
168,nisshy,150,1242
169,fooractal,150,416
170,masaaki,148,1708
171,(pute293),148,1095
172,itchyny,148,907
173,kinjo.yukari,148,567
174,clotz.sugar,148,220
175,kyunkyun,147,1488
176,nobsun,146,2532
177,magickmaster,146,1682
178,akipom,146,176
179,TakahisaC7,146,149
180,mune.k,145,1604
181,tounai,145,1386
182,leafmoon,145,995
183,maehrm,145,754
184,kei10in,145,718
185,srd7,145,647
186,Yuichiroh,145,260
187,186,144,2656
188,kimit,144,962
189,xyz600,144,318
190,lpocean,143,2577
191,(mikeCAT),143,1294
192,senna,142,3462
193,(NokubiTadaharu),142,2063
194,oteru50,141,34
195,okagawa,140,2566
196,masahiroakiko,140,2521
197,ksmakoto,140,2413
198,lynx,140,918
199,kyomei,140,430
200,penetole,139,1296
201,Keno42,139,522
202,jyokun,139,93
203,tarumi,138,1335
204,riktor,137,2106
205,gifnksm,137,1064
206,alpicola,136,2106
207,yasmat,136,1035
208,(zeppeki),136,722
209,nase,134,2794
210,whitypig,134,2297
211,okazaki,134,1989
212,deep_blue,133,2769
213,take4310,133,1816
214,norio,133,1399
215,61mg,133,976
216,koshian2,132,2576
217,Koi,132,575
218,tomori_nyao,132,459
219,y.nishida,132,263
220,echizen_tm,131,2572
221,tcptr,131,2111
222,machy,131,1752
223,todaemon,131,202
224,t5tmy,131,36
225,hoge,130,3055
226,Kouichi_Nakagawa,130,1367
227,wataken44,130,1241
228,pekempey,130,108
229,schrodin,129,3364
230,DENAM,129,1503
231,ksato,129,1401
232,tkyjhr,128,2314
233,corbeaux,128,2293
234,hnw,128,764
235,hadrori,128,696
236,hide8,128,376
237,TangentDay,128,300
238,khammer,127,2988
239,eoi,127,2366
240,mugenen,127,1768
241,choyotaura,127,1211
242,z_kro,127,1092
243,hiromi_ayase,127,539
244,(taijin0721),127,344
245,kosakkun,127,240
246,hachimura,126,3250
247,osa_k,126,1386
248,xy_nak_hs,126,986
249,haseguwa,126,230
250,yabuki,125,526
251,komkom3141,125,479
252,(ProjectSeagull),125,280
253,kazushi,125,26
254,soz0345hooky,124,3238
255,dton,124,2559
256,fvbb431,124,961
257,aquazul,124,321
258,mamekin,123,2084
259,nagaoka,123,112
260,key,122,2953
261,AMIO,122,929
262,likr,121,2254
263,fujiwara,121,1223
264,pinefield,120,2263
265,caesark,120,1179
266,AtsushiNagaoka,120,360
267,bQKuAy26,120,92
268,odz,119,3534
269,masahiro.sakai,119,3030
270,tnoda,119,1850
271,ogahide,118,2312
272,yoshimoto,118,1830
273,tasusu,118,1703
274,nishi6,118,1291
275,x2357,118,1229
276,rabbit_TR,118,396
277,qrrakakh,117,2097
278,kinoh,117,2035
279,kroton,117,1856
280,nissingeppo,116,2157
281,ttu_hs,116,1546
282,maesiro,116,1405
283,Koshin,116,493
284,TetsuyaIzu,116,313
285,patterl,115,2830
286,kinketu,115,1656
287,szxnkl,115,1331
288,suroyuu,114,3558
289,phji,114,3513
290,tkhiguchi,114,2564
291,Toyoashihara,114,486
292,hogeover30,114,238
293,kyouso,113,2928
294,pudeyuki,113,2843
295,IMOKURI,113,1541
296,ktaobo,113,1522
297,(root16),113,61
298,noppo,113,59
299,hmakino,112,3280
300,unagi,112,2939
301,ichirin,112,2748
302,tos.lunar,112,2609
303,miki16g,112,1117
304,osushi,112,48
305,dahui,110,3644
306,smat,110,2371
307,hata,110,1823
308,aki_rubix,110,1577
309,gtom,110,1556
310,tosan1984,110,1509
311,msylw,110,1355
312,yuizumi,110,500
313,plonk,110,469
314,rydia001,110,23
315,kogumamisha,109,2130
316,mcU3bWAV,109,1286
317,saki,109,866
318,ryochan,109,233
319,yamatchan,108,1368
320,kazutanaka,108,1287
321,okaduki,108,1053
322,ma0001,107,2893
323,tatsuyafw,107,2500
324,takane,107,2322
325,qfa,107,1923
326,yowa,107,1776
327,wotsushi,107,1224
328,matsulib,107,1222
329,mirac,107,494
330,tjake,107,404
331,njellyfish,107,293
332,pora_myodra,106,1261
333,ryo.i,106,29
334,ichyet,105,3437
335,nineties,105,2641
336,pgf2,105,2406
337,naoki.kp,105,1767
338,piyoko_212,105,1011
339,yz,104,3445
340,DA_BOSE,104,2841
341,lispest,104,2076
342,fluffyowl,104,1718
343,skobayas,104,1688
344,Susisu,104,1233
345,Suzaku,104,1205
346,jame_sparker,104,432
347,stmasa2016,104,304
348,nishinojunji,104,15
349,jun-s,103,3737
350,mshkh,103,3394
351,wand125,103,2354
352,zono244,103,2197
353,gnatpj0614,103,939
354,d_nishiyama,103,588
355,UmeyaMann,103,450
356,hellowd,103,184
357,namakemono,103,142
358,s10d,102,2840
359,kogecoo,102,1799
360,soukana,102,1521
361,takaiy,102,1112
362,joll,102,314
363,zinc,101,3581
364,yutaka_j,101,2251
365,nomnel,101,2199
366,213R,101,1866
367,sys979,101,1675
368,keiji-mu,101,555
369,snuf_kin,101,178
370,fumi,100,3445
371,m_Phantom,100,3444
372,taichiu,100,2966
373,shnya,100,2631
374,termat,100,2621
375,yuta25,100,2494
376,(INATA),100,2342
377,kanensei,100,2224
378,matsuta,100,1870
379,battamon,100,1852
380,hotpepsi,100,1771
381,mikami,100,1396
382,(rhyean8),100,1384
383,okanonet,100,1141
384,Zauberer,100,957
385,yama,100,456
386,schwarznecken,100,297
387,(asattely),100,140
388,tsutomu,99,3244
389,solitary7bd,99,1933
390,seto,99,1535
391,yskcon,99,1507
392,maeshiro,99,246
393,1tk,98,3717
394,xy_nak_jl,98,356
395,dryaemon,98,186
396,mokos,97,3442
397,condotti,97,3273
398,suppy193,97,502
399,isato,96,2702
400,tanzaku,96,1320
401,norisuke,96,663
402,yuzupom,96,557
403,huwakun,96,26
404,electrolysis,95,3375
405,mi-chang,95,3299
406,subaru,95,3234
407,hs484,95,1767
408,catindog,95,907
409,mayoko,95,483
410,narita,95,233
411,dshiota,95,100
412,wanson,94,3250
413,t-uchida,94,2760
414,takfjt,94,2515
415,na2hiro,94,1650
416,muupan,94,1541
417,onigiri11235,94,496
418,kawasaki,94,163
419,kono,94,160
420,mena_nann,94,86
421,tomicchie,93,1873
422,vineyoshi,93,930
423,E869120,93,682
424,lotz,93,596
425,hogehoge,93,495
426,Szigeta,93,63
427,supiar17,92,3229
428,folsena,92,2310
429,_iota,92,1662
430,kajibo,92,1572
431,asi1024,92,527
432,napaa,92,144
433,(ref4d),92,73
434,Konno_Ryo,92,32
435,expajp,92,3
436,perfec,91,3479
437,miyabiarts,91,2605
438,nagatomutu,91,2585
439,killy971,91,1594
440,ichyo,91,1152
441,intestine,91,593
442,Lycoris_i,91,194
443,hubtoyo,90,2968
444,eagletmt,90,2811
445,korieru,90,2510
446,meltice,90,2422
447,phyllo,90,1929
448,merom686,90,1799
449,_koji,90,635
450,Hidemaro,89,3210
451,Brenhilt,89,1762
452,hjk,89,1417
453,gfaogr123,89,1360
454,seikichi,89,1327
455,tomoki,89,845
456,pit_viper,89,829
457,NAKAJIMA_Junichi,89,664
458,coricozizi,89,421
459,kodama417,89,311
460,graySpace999,88,3479
461,nida,88,3063
462,abeken713,88,1272
463,onuma,88,1056
464,reduls,88,807
465,tanutarou,88,368
466,cpi_abu,88,87
467,skycholy,87,3014
468,ozy4dm,87,2875
469,akihito123,87,2614
470,newtomn,87,2357
471,Hiroshi_Murata,87,2333
472,y3eadgbe,87,2302
473,nobu,87,1416
474,binbo-himanasi,87,1087
475,hatoo,87,1059
476,roiti46,87,980
477,belltailjp,87,637
478,yinamori,87,636
479,omochi,87,601
480,uhouho_gorilla,87,600
481,angel-p57,87,588
482,outerinside,87,420
483,ydash,87,376
484,sweetberry,87,62
485,tknob3,87,7
486,deco114,86,3768
487,RuikoSaten,86,2528
488,siawasesun,86,2033
489,nmas,86,2019
490,hirotakaohkubo1,86,1115
491,BLUEPIXY,86,745
492,unnamed1030,86,667
493,keizo2,86,404
494,mk3ura,86,235
495,Takax2,85,3414
496,tarya,85,2894
497,yin-yang.alchemist,85,2785
498,matsu911,85,2194
499,misonikomineko,85,2154
500,YoshikiIto,85,2103
501,xarsh,85,1801
502,erunaven,85,1270
503,pepepyon,85,1015
504,ability_potion,85,449
505,mtsuyugu,85,349
506,moratori,85,38
507,laynts,84,2453
508,YuukiARIA,84,2136
509,t-matsubara,84,2071
510,tsurushuu,84,1983
511,Akeru,84,1922
512,jahshaka,84,1505
513,mthrok,84,1284
514,cof,84,901
515,mameo86,84,756
516,Suichi,84,485
517,(tomiono),84,244
518,como314,84,3
519,tadokoro,83,3604
520,gushwell,83,2903
521,toriaezu,83,2462
522,kaorimatz,83,2446
523,hagure_beans,83,1795
524,sagerin,83,182
525,ignorabimus,83,119
526,notogawa,82,3659
527,k3_kaimu,82,2302
528,kazuya030,82,2054
529,HOYOHOYO000,82,1998
530,kengpong,82,1582
531,hurou,82,1570
532,kijitoragoro,82,1392
533,selios,82,1329
534,tatsy,82,1208
535,zawawahoge,82,842
536,nishima,82,701
537,suihan,82,521
538,hamukichi,82,228
539,kerlon,82,139
540,Kai,81,3744
541,gigo891,81,2727
542,ds14050,81,2339
543,(XaroCydeykn),81,1713
544,mystery,81,1598
545,OKEI,81,1300
546,tatt61880,81,602
547,(mb01),81,0
548,kt3k,80,3460
549,miyaryu,80,3365
550,nanikaka,80,2064
551,ALuneedis,80,1727
552,occho,80,1513
553,blue0620,80,1347
554,aomoriringo,80,1248
555,TsudaKageyu,80,1183
556,aihara_enju,80,567
557,(thelettera),80,268
558,Tomonacci,80,267
559,casquette34,80,99
560,qchikara,79,2725
561,Shaddan,79,2346
562,yone64,79,2062
563,tkych,79,1870
564,Soeno,79,1607
565,(lrmystp),79,1589
566,aomoriringocpp,79,1250
567,rutas123,79,1168
568,manicmaniac,79,1158
569,tsukagashira,79,516
570,specular,79,419
571,fkyou,78,3448
572,ww74epm,78,2823
573,y_tag,78,2605
574,pied,78,2297
575,kouhei.e,78,1982
576,Christie,78,1381
577,evima,78,1320
578,mk1988,78,1201
579,dolpen,78,1147
580,(Koizumi_Kyoko),78,541
581,hyusuk,78,508
582,001229,78,408
583,tkkyn,78,359
584,kichi941,78,151
585,june1,77,3790
586,OBK,77,3511
587,J.Silence,77,3466
588,kinodjnz,77,2416
589,(nakanoj),77,2359
590,ya_nanba,77,2012
591,fumono,77,1961
592,utenmiki,77,1900
593,Bell,77,1608
594,e-cube,77,1605
595,siun,77,1423
596,ud0n,77,1347
597,orobas,77,1323
598,shimisho,77,1201
599,snowfall,77,1198
600,hebiyan,77,1102
